INSERT INTO `Warranty` (`WarrantyID`, `Type`) VALUES
(1, '1 Year'),
(2, '2 Year'),
(3, '3 Year'),
(4, '4 Year'),
(5, '5 Year'),
(6, 'Limited Liftime'),
(7, 'No Warranty');

INSERT INTO `Category` (`CatID`) VALUES
('Battery'),
('Filters'),
('Fluids & Chemicals'),
('Tools'),
('Wipers');

INSERT INTO `SubCategory` (`SubCatID`, `CatID`) VALUES
('Battery', 'Battery'),
('Battery Cable', 'Battery'),
('Air Filter', 'Filters'),
('Air Filter Box', 'Filters'),
('Engine Oil', 'Fluids & Chemicals'),
('Transmission Fluid', 'Fluids & Chemicals'),
('Battery Booster', 'Tools'),
('Circuit Tester', 'Tools'),
('Wiper Arm', 'Wipers'),
('Wiper Blade', 'Wipers');

INSERT INTO `Part` (`PartNo`, `Pname`, `PCompany`, `Price`, `SubCatID`, `WarrantyID`) VALUES
('01320', 'Max ATF', 'Royal Purple', '7.99', 'Transmission Fluid', 7),
('04159', 'Battery Cable', 'Lynx O.E', '23.99', 'Battery Cable', 1),
('06822', 'Transmax DEXRON-VI', 'Castrol', '8.39', 'Transmission Fluid', 7),
('10418', 'Multi-Vechile Automatic Transmission Fluid', 'Lucas', '7.99', 'Transmission Fluid', 7),
('242-5530', 'Battery Cable', 'Dorman', '118.99', 'Battery Cable', 1),
('24454', 'Personal Battery Charger', 'OEM', '89.99', 'Battery Booster', 1),
('258-504', 'Air Filter Box', 'Droman', '165.99', 'Air Filter Box', 4),
('258-521', 'Air Filter Box', 'Droman', '142.99', 'Air Filter Box', 4),
('258-522', 'Air Filter Box', 'Droman', '259.99', 'Air Filter Box', 4),
('25886', 'Coiled Cord Circuit Tester', 'OEM', '9.99', 'Circuit Tester', 1),
('3397001394', 'Wiper Blade', 'Bosch', '64.99', 'Wiper Blade', 3),
('42754', 'Wiper Arm', 'Droman', '29.99', 'Wiper Arm', 1),
('550022779', 'Mortor Oil', 'Pennzoil', '6.29', 'Engine Oil', 7),
('550045127', 'Rotella T Triple', 'Shell', '43.99', 'Engine Oil', 7),
('65-AGM', 'Platinum Battery', 'Duralast', '183.99', 'Battery', 3),
('74-209', 'Wiper Arm', 'Trico HD', '79.99', 'Wiper Arm', 6),
('78S-DL', 'Battery', 'Duralast', '122.99', 'Battery', 2),
('813460', 'SynPower Full Synthetic Motor Oil', 'Valvoline', '36.99', 'Engine Oil', 7),
('85484', '4 Way Flat Trailer Wiring Circuit Tester', 'Reese Towpower', '3.99', 'Circuit Tester', 1),
('86273', 'Conduct-Tite Electrical Multi Tester', 'Dorman', '19.99', 'Circuit Tester', 1),
('903-0136', 'Wiper Arm', 'Auto7', '45.99', 'Wiper Arm', 1),
('97048', 'Wiper Blade', 'PIAA', '25.99', 'Wiper Blade', 1),
('A3095C', 'Air Filter', 'ACDelco', '39.99', 'Air Filter', 1),
('DL-19', 'Wiper Blade', 'Duralast', '9.99', 'Wiper Blade', 1),
('E-1650', 'Air Filter', 'K&N', '62.99', 'Air Filter', 1),
('GS235B', 'Gold Battery Cable', 'Duralast', '13.99', 'Battery Cable', 1),
('HD-DLG', 'Gold Battery', 'Duralast', '179.99', 'Battery', 5),
('PBJS32000', 'Emergency 24V Jump Starter', 'POWERALL', '239.99', 'Battery Booster', 1),
('PSJ-1812', 'ProSeries Portable Battery', 'Schumacher', '149.99', 'Battery Booster', 1),
('SA10720', 'Air Filter', 'STP', '24.99', 'Air Filter', 1);

INSERT INTO `CarInfo` (`Make`, `Model`, `MinYear`, `MaxYear`, `PartNo`) VALUES
('Audi', 'A8', 2005, 2010, '3397001394'),
('BMW', 'I320', 2010, 2017, '3397001394'),
('Honda', 'Civic', 2000, 2010, '3397001394'),
('Mercedes', 'Benz', 2002, 2015, '3397001394'),
('Toyota', 'Carolla', 2002, 2016, '3397001394'),
('Honda', 'Civic', 2000, 2010, '550022779'),
('Toyota', 'Carolla', 2002, 2016, '550022779'),
('Audi', 'A8', 2005, 2010, '550045127'),
('BMW', 'I320', 2010, 2017, '550045127'),
('Audi', 'A8', 2005, 2010, '65-AGM'),
('BMW', 'I320', 2010, 2017, '65-AGM'),
('Honda', 'Civic', 2000, 2010, '65-AGM'),
('Mercedes', 'Benz', 2002, 2015, '65-AGM'),
('Toyota', 'Carolla', 2002, 2016, '65-AGM'),
('Audi', 'A8', 2005, 2010, '78S-DL'),
('Mercedes', 'Benz', 2002, 2015, '78S-DL'),
('Mercedes', 'Benz', 2002, 2015, '813460'),
('Audi', 'A8', 2005, 2010, '97048'),
('BMW', 'I320', 2010, 2017, '97048'),
('Honda', 'Civic', 2000, 2010, '97048'),
('Mercedes', 'Benz', 2002, 2015, '97048'),
('Toyota', 'Carolla', 2002, 2016, '97048'),
('Audi', 'A8', 2005, 2010, 'A3095C'),
('BMW', 'I320', 2010, 2017, 'A3095C'),
('Honda', 'Civic', 2000, 2010, 'A3095C'),
('Mercedes', 'Benz', 2002, 2015, 'A3095C'),
('Toyota', 'Carolla', 2002, 2016, 'A3095C'),
('Audi', 'A8', 2005, 2010, 'DL-19'),
('BMW', 'I320', 2010, 2017, 'DL-19'),
('Honda', 'Civic', 2000, 2010, 'DL-19'),
('Mercedes', 'Benz', 2002, 2015, 'DL-19'),
('Toyota', 'Carolla', 2002, 2016, 'DL-19'),
('Audi', 'A8', 2005, 2010, 'E-1650'),
('Mercedes', 'Benz', 2002, 2015, 'E-1650'),
('Honda', 'Civic', 2000, 2010, 'HD-DLG'),
('Toyota', 'Carolla', 2002, 2016, 'HD-DLG'),
('Toyota', 'Carolla', 2002, 2016, 'SA10720');

INSERT INTO `Server` (`ServerID`, `SvLocation`) VALUES
(1, 'Texas');

INSERT INTO `WHouse` (`WHouseID`, `Street`, `City`, `State`, `Zipcode`) VALUES
(1, '11 Westerfield Point', 'Los Angeles', 'California', 90094);

INSERT INTO `Store` (`URL`, `WHouseID`, `ServerID`) VALUES
('http://autopartstore.heliohost.org/wp', 1, 1);

INSERT INTO `SInventory` (`StQuantity`, `StoreID`, `PartNo`) VALUES
(9, 1, '01320'),
(9, 1, '04159'),
(10, 1, '06822'),
(10, 1, '10418'),
(10, 1, '242-5530'),
(10, 1, '24454'),
(10, 1, '258-504'),
(10, 1, '258-521'),
(10, 1, '258-522'),
(10, 1, '25886'),
(10, 1, '3397001394'),
(10, 1, '42754'),
(10, 1, '550022779'),
(10, 1, '550045127'),
(10, 1, '65-AGM'),
(10, 1, '74-209'),
(10, 1, '78S-DL'),
(10, 1, '813460'),
(10, 1, '85484'),
(10, 1, '86273'),
(10, 1, '903-0136'),
(10, 1, '97048'),
(10, 1, 'A3095C'),
(10, 1, 'DL-19'),
(10, 1, 'E-1650'),
(10, 1, 'GS235B'),
(10, 1, 'HD-DLG'),
(10, 1, 'PBJS32000'),
(10, 1, 'PSJ-1812'),
(10, 1, 'SA10720');

INSERT INTO `Supplier` (`SupplierID`, `SName`, `SInfo`, `Street`, `City`, `State`, `Zipcode`) VALUES
(1, 'Katz', 'Accounting', '361 Burrows Park', 'Richmond', 'Virginia', 23225),
(2, 'Linktype', 'Business Development', '48 Vidon Center', 'El Paso', 'Texas', 88514),
(3, 'Fivebridge', 'Legal', '58 Forest Lane', 'Jamaica', 'New York', 11431),
(4, 'Innotype', 'Product Management', '4 Bowman Alley', 'Young America', 'Minnesota', 55551),
(5, 'Twinder', 'Research and Develop', '01 Texas Junction', 'Des Moines', 'Iowa', 50393),
(6, 'Divape', 'Research and Develop', '63 Sheridan Road', 'Hialeah', 'Florida', 33013),
(7, 'Twiyo', 'Training', '16 Cottonwood Avenue', 'Fullerton', 'California', 92835),
(8, 'Dabjam', 'Accounting', '7 Elka Trail', 'Las Vegas', 'Nevada', 89166),
(9, 'Tagpad', 'Research and Develop', '0 Hagan Parkway', 'Palo Alto', 'California', 94302),
(10, 'Skidoo', 'Training', '5401 Comanche Street', 'Miami', 'Florida', 33175),
(11, 'Thoughtworks', 'Marketing', '83366 Onsgard Pass', 'White Plains', 'New York', 10633),
(12, 'Thoughtbridge', 'Support', '883 Sauthoff Lane', 'Lake Charles', 'Louisiana', 70616),
(13, 'Quatz', 'Legal', '7 Macpherson Park', 'Greensboro', 'North Carolina', 27415),
(14, 'Feedfire', 'Legal', '870 Harper Avenue', 'El Paso', 'Texas', 88553),
(15, 'Voonte', 'Engineering', '4 Randy Junction', 'Oklahoma City', 'Oklahoma', 73104);

INSERT INTO `Supplies` (`SupplyDate`, `SpQuantity`, `SupplierID`, `PartNo`) VALUES
('2017-04-19 15:47:43', 110, 1, '01320'),
('2017-04-19 15:47:43', 110, 1, '06822'),
('2017-04-19 15:47:43', 110, 2, '10418'),
('2017-04-19 15:47:44', 110, 2, '550022779'),
('2017-04-19 15:47:44', 110, 3, '550045127'),
('2017-04-19 15:47:44', 110, 3, '813460'),
('2017-04-19 15:47:45', 110, 4, '04159'),
('2017-04-19 15:47:45', 110, 4, '242-5530'),
('2017-04-19 15:47:46', 110, 5, '24454'),
('2017-04-19 15:47:46', 110, 5, '25886'),
('2017-04-19 15:47:47', 110, 6, '42754'),
('2017-04-19 15:47:47', 110, 6, '85484'),
('2017-04-19 15:47:47', 110, 7, '86273'),
('2017-04-19 15:47:48', 110, 7, '903-0136'),
('2017-04-19 15:47:48', 110, 8, '97048'),
('2017-04-19 15:47:48', 110, 8, 'A3095C'),
('2017-04-19 15:47:48', 110, 9, 'DL-19'),
('2017-04-19 15:47:49', 110, 9, 'E-1650'),
('2017-04-19 15:47:49', 110, 10, 'GS235B'),
('2017-04-19 15:47:49', 110, 10, 'PBJS32000'),
('2017-04-19 15:47:49', 110, 11, 'PSJ-1812'),
('2017-04-19 15:47:50', 110, 11, 'SA10720'),
('2017-04-19 15:47:50', 110, 12, '78S-DL'),
('2017-04-19 15:47:51', 110, 12, '3397001394'),
('2017-04-19 15:47:51', 110, 13, '65-AGM'),
('2017-04-19 15:47:52', 110, 13, '258-504'),
('2017-04-19 15:47:52', 110, 14, '258-521'),
('2017-04-19 15:47:52', 110, 14, '258-522'),
('2017-04-19 15:47:52', 110, 15, '74-209'),
('2017-04-19 15:47:52', 110, 15, 'HD-DLG');

